<beans xmlns="http://www.springframework.org/schema/beans"
     xmlns:xsi="http://www.w3.org/2001/XMLSchema-instance"
     xmlns:aop="http://www.springframework.org/schema/aop"
     xmlns:tx="http://www.springframework.org/schema/tx"
     xmlns:util="http://www.springframework.org/schema/util"
     xmlns:context="http://www.springframework.org/schema/context"
     xsi:schemaLocation="
     http://www.springframework.org/schema/beans
     http://www.springframework.org/schema/beans/spring-beans-3.0.xsd
     http://www.springframework.org/schema/tx
     http://www.springframework.org/schema/tx/spring-tx-3.0.xsd
     http://www.springframework.org/schema/aop
     http://www.springframework.org/schema/aop/spring-aop-3.0.xsd
     http://www.springframework.org/schema/context
     http://www.springframework.org/schema/context/spring-context-3.0.xsd
     http://www.springframework.org/schema/util
     http://www.springframework.org/schema/util/spring-util.xsd" >

     <!-- 定义受环境影响易变的变量 -->
     
     <context:property-placeholder location="classpath*:/META-INF/mybatis/mysql.properties" ignore-unresolvable="true"/>
     <context:property-placeholder location="classpath:/META-INF/shiro/security.properties" ignore-unresolvable="true"/>
     
	 <context:component-scan base-package="com.concom.ccwcw">
	 	<context:exclude-filter type="annotation" expression="org.springframework.stereotype.Controller"/>
	 </context:component-scan>
	 <context:component-scan base-package="com.weasel.security"/>
	 
	 
	<bean id="wcwDataSource" class="com.mchange.v2.c3p0.ComboPooledDataSource" destroy-method="close">
		
		<property name="driverClass" value="${mysql.driver}" />
		<property name="jdbcUrl" value="${mysql.url}" />
		<property name="user" value="${mysql.username}" />
		<property name="password" value="${mysql.password}" />

		<property name="initialPoolSize" value="10" />
		<property name="maxPoolSize" value="200" />
		<property name="minPoolSize" value="10" />
		<property name="maxIdleTime" value="1800" />
		<property name="maxStatements" value="100" />
		<!--每60秒检查所有连接池中的空闲连接。Default: 0 -->
		<property name="idleConnectionTestPeriod" value="1800" />
	</bean>
   
	 
   
	  <!-- 配置事务的传播特性     -->
	 <!--  <bean id="baseTransactionProxy" class="org.springframework.transaction.interceptor.TransactionProxyFactoryBean" abstract="true">
		    <property name="transactionManager" ref="txManager" />
	  </bean> -->
	
	  <bean id="sqlSessionFactory" class="org.mybatis.spring.SqlSessionFactoryBean">
			<property name="dataSource" ref="wcwDataSource" />
			<property name="configLocation" value="classpath:/META-INF/mybatis/sqlmap-config.xml" />
			<property name="mapperLocations">
			   <list>
			    <value>classpath*:META-INF/mybatis/mappers/**/*.xml</value>
			   </list>
			</property>
	  </bean>
		
		<!-- <bean id="sqlSession" class="org.mybatis.spring.SqlSessionTemplate">
	          <constructor-arg index="0" ref="sqlSessionFactory" />
	          <constructor-arg index="1" value="BATCH" />
	          - 如果想要进行批量操作需要加入这个属性
	    </bean> -->
	    
	     <!-- 配置事务管理器  -->
	  <bean id="transactionManager" class="org.springframework.jdbc.datasource.DataSourceTransactionManager">
			<property name="dataSource" ref="wcwDataSource" />
	  </bean>
	  
   <tx:advice id="txAdvice" transaction-manager="transactionManager" >
     <tx:attributes>
       <tx:method name="get*" propagation="REQUIRED" read-only="true"/>
       <tx:method name="select*" propagation="REQUIRED" read-only="true"/>
       <tx:method name="query*" propagation="REQUIRED" read-only="true"/>
       <tx:method name="upate*" propagation="REQUIRED" read-only="false" />
       <tx:method name="save*" propagation="REQUIRED" read-only="false" />
       <tx:method name="insert*" propagation="REQUIRED" read-only="false" />
       <tx:method name="delete*" propagation="REQUIRED" read-only="false" />	
       <tx:method name="*"  propagation="REQUIRED"/>
     </tx:attributes>
   </tx:advice>
  
   <aop:config>    
     <aop:pointcut id="txPointcut" expression="execution(* com.concom.*.application..*.*(..))" /> <!--把事务控制在Service层-->
     <aop:advisor pointcut-ref="txPointcut" advice-ref="txAdvice"/>
   </aop:config>
	<!--     
	    <bean id="executorsSingleton" class="com.concom.ccwcw.infrastructure.utils.pool.ExecutorsSingleton" lazy-init="true">
		   <property name="threadNum" value="3"></property>
	    </bean> -->
	   
   <import resource="classpath:/META-INF/shiro/shiro-config.xml" />
	
	    <!-- <bean lazy-init="false" class="com.concom.ccwcw.utils.paramresolver.StringEditor"  init-method="setSenstivewordToMeMCahe"></bean> -->
	    
</beans>
