<?xml version="1.0" encoding="UTF-8"?>
<!-- Bean头部 -->
<beans xmlns="http://www.springframework.org/schema/beans"
	xmlns:aop="http://www.springframework.org/schema/aop" xmlns:xsi="http://www.w3.org/2001/XMLSchema-instance"
	xmlns:tx="http://www.springframework.org/schema/tx" xmlns:p="http://www.springframework.org/schema/p"
	xmlns:mvc="http://www.springframework.org/schema/mvc" xmlns:context="http://www.springframework.org/schema/context"
	xmlns:util="http://www.springframework.org/schema/util"
	xsi:schemaLocation="
	         http://www.springframework.org/schema/beans 
	         http://www.springframework.org/schema/beans/spring-beans-3.0.xsd 
	         http://www.springframework.org/schema/tx 
             http://www.springframework.org/schema/tx/spring-tx-3.0.xsd 
             http://www.springframework.org/schema/context 
             http://www.springframework.org/schema/context/spring-context-3.0.xsd  
             http://www.springframework.org/schema/mvc 
             http://www.springframework.org/schema/mvc/spring-mvc-3.0.xsd              
             http://www.springframework.org/schema/util 
             http://www.springframework.org/schema/util/spring-util-3.0.xsd
             http://www.springframework.org/schema/aop 
             http://www.springframework.org/schema/aop/spring-aop-3.0.xsd"
	default-lazy-init="true">


	<!-- 激活@Controller模式 -->
	<mvc:annotation-driven />

	<!-- 对包中的所有类进行扫描，以完成Bean创建和自动依赖注入的功能 需要更改 -->
	<context:component-scan base-package="com.concom.ccwcw.interfaces" />

	<!-- resources/ 目录下静态资源不拦截 -->
	<mvc:resources mapping="/resources/**" location="/resources/" />
	<mvc:resources mapping="/uploads/**" location="/uploads/" />

	<bean class="org.springframework.web.servlet.mvc.annotation.AnnotationMethodHandlerAdapter" />
	<bean id="viewResolver" class="org.springframework.web.servlet.view.InternalResourceViewResolver">
		<property name="prefix"> <value>/WEB-INF/views/</value></property>
		<property name="suffix"><value>.jsp</value></property>
	</bean>


	<bean class="org.springframework.web.servlet.mvc.annotation.AnnotationMethodHandlerAdapter">
		<property name="messageConverters">
			<list>
				<bean class="org.springframework.http.converter.ByteArrayHttpMessageConverter" />
				<bean id="jsonHttpMessageConverter" class="org.springframework.http.converter.json.MappingJacksonHttpMessageConverter">
					<property name="supportedMediaTypes">
						<list>
							<value>text/plain;charset=UTF-8</value>
						</list>
					</property>
				</bean>
			</list>
		</property>
	</bean>

  
</beans>