<?xml version="1.0" encoding="UTF-8" ?>
<!DOCTYPE mapper PUBLIC "-//mybatis.org//DTD Mapper 3.0//EN"
"http://mybatis.org/dtd/mybatis-3-mapper.dtd">
<mapper namespace="com.weasel.security.domain.user.User">

	<resultMap type="User" id="userMap">
		<id column="ID" property="id" />
		<result column="MemberID" property="username" />
		<result column="PWD" property="password"/>
		<result column="lockedTime" property="lockedTime"/>
		<collection property="roles" resultMap="roleMap"/>
		<collection property="auths" column="ID" select="getAuthByUserId"/>
	</resultMap>
	
	<resultMap type="Role" id="roleMap">
		<id column="role_id" property="id"/>
		<result column="role_name" property="name"/>
		<result column="role_code" property="code"/>
		<collection column="collection" property="auths" resultMap="authMap"/>
	</resultMap>
	
	<resultMap type="Auth" id="authMap">
		<id column="auth_id" property="id"/>
		<result column="auth_name" property="name"/>
		<result column="auth_code" property="code"/>
	</resultMap>
	
	<sql id="commonSelect">
		select user.ID as ID,
			   user.MemberID as MemberID,
			   user.PWD as PWD,
			   user.lockedTime as lockedTime,
			   role.id as role_id,
			   role.name as role_name,
			   role.code as role_code,
			   auth.id as auth_id,
			   auth.name as auth_name,
			   auth.code as auth_code
		from costexpressdb.tMember user
		left join costexpressdb.t_user_role userRole on user.id=userRole.user_id
		left join costexpressdb.tRoleGroup role on role.id=userRole.role_id
		left join costexpressdb.t_role_auth roleAuth on role.id=roleAuth.role_id
		left join costexpressdb.tAuthCode auth on auth.id=roleAuth.auth_id
	</sql>
	
	<sql id="selectAuth">
		select auth.id as auth_id,
			   auth.name as auth_name,
			   auth.code as auth_code
		from costexpressdb.tAuthCode auth
		left join costexpressdb.t_user_auth userAuth on auth.id=userAuth.auth_id
	</sql>
	
	<select id="getByUsername" resultMap="userMap" >
		<include refid="commonSelect"/>
		where user.MemberID=#{username}
	</select>
	
	<select id="getAuthByUserId"  resultMap="authMap">
		<include refid="selectAuth"/>
		where userAuth.user_id=#{id}
	</select>
	
	
	<update id="lockUser" parameterType="User">
		update costexpressdb.tMember user set user.lockedTime=#{lockedTime}
		where user.id=#{id}
	</update>
	
</mapper>