<?xml version="1.0" encoding="UTF-8"?>
<!DOCTYPE log4j:configuration PUBLIC "-//LOGGER" "log4j.dtd">
<log4j:configuration xmlns:log4j="http://jakarta.apache.org/log4j/">

	<!-- Appenders -->
	<appender name="CONSOLE" class="org.apache.log4j.ConsoleAppender">
		<param name="Target" value="System.out" />
		<layout class="org.apache.log4j.PatternLayout">
			<param name="ConversionPattern" value="[%d{yyyy-MM-dd HH:mm:ss}] [%p][%c] - %m%n" />
		</layout>
	</appender>
	
	<appender name="INFO" class="org.apache.log4j.DailyRollingFileAppender">
     	<param name="File" value="/logs/wcw_main/info.log"/> 
     	<param name="append" value="true" />
     	<param name="DatePattern" value="'.'yyyy-MM-dd" />
     	<layout class="org.apache.log4j.PatternLayout">
	 		<param name="ConversionPattern" value="[%d{yyyy-MM-dd HH:mm:ss}] [%p][%c] - %m%n"/>
     	</layout>
     	<filter class="org.apache.log4j.varia.LevelRangeFilter">
     	  <param name="LevelMax" value="ERROR" />
     	  <param name="LevelMin" value="ERROR" />
     	</filter>
 	</appender>
 	
 	
 	<appender name="ERROR" class="org.apache.log4j.DailyRollingFileAppender">
     	<param name="File" value="/logs/wcw_main/error.log"/> 
     	<param name="append" value="true" />
     	<param name="DatePattern" value="'.'yyyy-MM-dd" />
     	<layout class="org.apache.log4j.PatternLayout">
	 		<param name="ConversionPattern" value="[%d{yyyy-MM-dd HH:mm:ss}] [%p][%c] - %m%n"/>
     	</layout>
     	<filter class="org.apache.log4j.varia.LevelRangeFilter">
     	  <param name="LevelMax" value="ERROR" />
     	  <param name="LevelMin" value="ERROR" />
     	</filter>
 	</appender>
 	
 	<!-- OFF、FATAL、ERROR、WARN、INFO、DEBUG、TRACE、ALL -->
	
	 <category name="java.sql">
	     <priority value="debug" />
	 </category>
	 
	 <category name="com.ibatis">
	     <priority value="debug" />
	 </category>

	<!-- 3rdparty Loggers -->
	<logger name="org.springframework.core">
		<level value="WARN" />
	</logger>

	<logger name="org.springframework.beans">
		<level value="WARN" />
	</logger>
	
	<logger name="org.springframework.context">
		<level value="WARN" />
	</logger>
	
	<logger name="org.springframework.web.servlet.handler.SimpleMappingExceptionResolver">
		<level value="WARN" />
	</logger>
	
	<logger name="com.weasel.security.infrastructure.shiro.cache.ShiroCache">
		<level value="WARN" />
	</logger>
	
	<logger name="org.springframework.web">
		<level value="WARN" />
	</logger>
	
	<!-- Root Logger -->
	<root>
		<priority value="DEBUG" />
		<appender-ref ref="CONSOLE"/>
		<appender-ref ref="INFO"/>
		<appender-ref ref="ERROR"/>
	</root>
	
</log4j:configuration>
