<?xml version="1.0" encoding="UTF-8"?>
<beans xmlns="http://www.springframework.org/schema/beans"
	xmlns:xsi="http://www.w3.org/2001/XMLSchema-instance"
	xsi:schemaLocation="http://www.springframework.org/schema/beans http://www.springframework.org/schema/beans/spring-beans.xsd">

	<bean id="shiroFilter" class="org.apache.shiro.spring.web.ShiroFilterFactoryBean">
		<property name="securityManager" ref="securityManager" />
		<property name="loginUrl" value="http://www.ccwcw.com/login.html" />
		<property name="successUrl" value="/home.html" />
		<property name="unauthorizedUrl" value="/security/unauthorized.html" />
		<property name="filters">
			<map>
				<entry key="anyRoles" value-ref="anyRolesAuthorizationFilter" />
				<entry key="anyPerms" value-ref="anyPermissionsAuthorizationFilter" />
			</map>
		</property>
		<property name="filterChainDefinitions">
			<value>
				/** = anon
			</value>
		</property>
	</bean>
	
	<import resource="classpath*:META-INF/shiro/shiro-context.xml"/>
	
</beans>