<?xml version="1.0" encoding="UTF-8" ?>    
<!DOCTYPE configuration PUBLIC "-//mybatis.org//DTD Config 3.0//EN" "http://mybatis.org/dtd/mybatis-3-config.dtd">
<configuration>

    <settings>
		<setting name="cacheEnabled" value="false"/>
		<setting name="lazyLoadingEnabled" value="false"/>
		<setting name="aggressiveLazyLoading" value="false"/>
	</settings>
	

	<typeAliases> 
        <typeAlias type="com.weasel.core.Page" alias="Page"/>
		<package name="com.weasel.security.domain"/>
    </typeAliases> 
       	
	<plugins>
		<plugin interceptor="com.weasel.mybatis.PagePlugin">
			<property name="SQL_REGULAR" value=".*?queryPage.*?"/>
			<property name="DIALECT" value="com.weasel.mybatis.dialect.impl.MySQLDialect"/>
		</plugin>
	</plugins>
	
	
</configuration>
